category,index,title,description,thumbnail_url,platform,watch_url,page_url,portfolio_title,metadata_title,author,duration_seconds,video_id,embed_url,oembed_status
Game Trailers/Teasers,1,Balan Wonderworld: True Happiness Is An Adventure Gameplay Trailer,"Promotional trailer/teaser built to quickly introduce the title, event, character, feature, or mood.",https://i.vimeocdn.com/video/1829129070-c88a52353e235f0ba7601ed5bee55b4b8eb9f431bb6291d09c300ea9241b2d6f-d_295x166?region=us,Vimeo,https://vimeo.com/931744563,https://zbutcher.myportfolio.com/game-trailers,Balan Wonderworld: True Happiness Is An Adventure Gameplay Trailer,Balan Wonderworld: Gameplay_Trailer,zbutcher,111,931744563,https://player.vimeo.com/video/931744563?badge=0&autopause=0&player_id=0&app_id=58479,ok
Game Trailers/Teasers,2,XBOX Game Pass: Back 4 Blood - Tease,"Promotional trailer/teaser built to quickly introduce the title, event, character, feature, or mood. Focuses on Xbox Game Pass catalog/service promotion.",https://i.vimeocdn.com/video/1829300951-34e9bd113edf7e1f9e189a8b1459b5abb767ad60fe2e0cff3ca87530ec215852-d_295x166?region=us,Vimeo,https://vimeo.com/931854715,https://zbutcher.myportfolio.com/game-trailers,XBOX Game Pass: Back 4 Blood - Tease,XBOX Game Pass: Back 4 Blood - Tease,zbutcher,15,931854715,https://player.vimeo.com/video/931854715?badge=0&autopause=0&player_id=0&app_id=58479,ok
Game Trailers/Teasers,3,Destiny: The Taken King Cinematic Trailer,"Promotional trailer/teaser built to quickly introduce the title, event, character, feature, or mood. Destiny/Bungie-related sci-fi action material is prominent.",https://i.vimeocdn.com/video/1829141310-30edde9cb2fb93193abe4c4ad139a64aea84a0f357ca034b8529b5784f1f65a7-d_295x166?region=us,Vimeo,https://vimeo.com/931744598,https://zbutcher.myportfolio.com/game-trailers,Destiny: The Taken King Cinematic Trailer,Destiny: The Taken King Cinematic Trailer,zbutcher,106,931744598,https://player.vimeo.com/video/931744598?badge=0&autopause=0&player_id=0&app_id=58479,ok
Game Trailers/Teasers,4,Destiny: Rise Of Iron - Wrath of the Machine Raid Trailer,"Promotional trailer/teaser built to quickly introduce the title, event, character, feature, or mood. Destiny/Bungie-related sci-fi action material is prominent.",https://i.vimeocdn.com/video/1829146944-5c701408f4dc74d5c2152f8ddfdc7a42b42918f6843ee7d8d3a21c65d11082fb-d_295x166?region=us,Vimeo,https://vimeo.com/931744644,https://zbutcher.myportfolio.com/game-trailers,Destiny: Rise Of Iron - Wrath of the Machine Raid Trailer,Destiny: Rise Of Iron - Wrath of the Machine Raid Trailer,zbutcher,81,931744644,https://player.vimeo.com/video/931744644?badge=0&autopause=0&player_id=0&app_id=58479,ok
Game Trailers/Teasers,5,Destiny: The Taken King - King's Fall Raid Teaser,"Promotional trailer/teaser built to quickly introduce the title, event, character, feature, or mood. Destiny/Bungie-related sci-fi action material is prominent.",https://i.vimeocdn.com/video/1829151284-05cf8ea08fe6aec292aed7d26feb385f4033cdf154b0697562689df14fc4fdf3-d_295x166?region=us,Vimeo,https://vimeo.com/931744662,https://zbutcher.myportfolio.com/game-trailers,Destiny: The Taken King - King's Fall Raid Teaser,Destiny: The Taken King - King's Fall Raid Teaser,zbutcher,54,931744662,https://player.vimeo.com/video/931744662?badge=0&autopause=0&player_id=0&app_id=58479,ok
Game Trailers/Teasers,6,Destiny 2: Coldheart Exotic Pre-Order Trailer,"Promotional trailer/teaser built to quickly introduce the title, event, character, feature, or mood. Destiny/Bungie-related sci-fi action material is prominent.",https://i.ytimg.com/vi/3pt4nm3mmjo/hqdefault.jpg,YouTube,https://www.youtube.com/watch?v=3pt4nm3mmjo,https://zbutcher.myportfolio.com/game-trailers,Destiny 2: Coldheart Exotic Pre-Order Trailer,Destiny 2 - Coldheart Exotic Pre-Order Trailer | PS4,PlayStation,,3pt4nm3mmjo,https://www.youtube.com/embed/3pt4nm3mmjo,ok
Game Trailers/Teasers,7,Destiny 2 Official Soundtrack Trailer,"Promotional trailer/teaser built to quickly introduce the title, event, character, feature, or mood. Destiny/Bungie-related sci-fi action material is prominent.",https://i.vimeocdn.com/video/1829218204-bcbae8cead92caa64af69ba46587ada746f50a726bbdd025c0ea234321e290fb-d_295x166?region=us,Vimeo,https://vimeo.com/931804753,https://zbutcher.myportfolio.com/game-trailers,Destiny 2 Official Soundtrack Trailer,Destiny 2 Official Soundtrack Trailer,zbutcher,125,931804753,https://player.vimeo.com/video/931804753?badge=0&autopause=0&player_id=0&app_id=58479,ok
Game Trailers/Teasers,8,Destiny 2: Forsaken Original Soundtrack Trailer,"Promotional trailer/teaser built to quickly introduce the title, event, character, feature, or mood. Destiny/Bungie-related sci-fi action material is prominent.",https://i.vimeocdn.com/video/1829226670-8716821145d04cc45a7b290fa81ec52b0a20f1ece4daa4d0a9299bcd61d08a0e-d_295x166?region=us,Vimeo,https://vimeo.com/931809978,https://zbutcher.myportfolio.com/game-trailers,Destiny 2: Forsaken Original Soundtrack Trailer,Destiny 2: Forsaken Original Soundtrack Trailer,zbutcher,162,931809978,https://player.vimeo.com/video/931809978?badge=0&autopause=0&player_id=0&app_id=58479,ok
Game Trailers/Teasers,9,Destiny 2 – Solstice of Heroes Trailer,"Promotional trailer/teaser built to quickly introduce the title, event, character, feature, or mood. Destiny/Bungie-related sci-fi action material is prominent.",https://i.ytimg.com/vi/we-wsax7sps/hqdefault.jpg,YouTube,https://www.youtube.com/watch?v=we-wsax7sps,https://zbutcher.myportfolio.com/game-trailers,Destiny 2 – Solstice of Heroes Trailer,Destiny 2 – Solstice of Heroes Trailer,Bungie,,we-wsax7sps,https://www.youtube.com/embed/we-wsax7sps,ok
Game Trailers/Teasers,10,Destiny: Iron Gjallarwing Sparrow,Portfolio video embedded as an example of editorial work. Destiny/Bungie-related sci-fi action material is prominent.,https://i.ytimg.com/vi/YbW_CdrYCGE/hqdefault.jpg,YouTube,https://www.youtube.com/watch?v=YbW_CdrYCGE,https://zbutcher.myportfolio.com/game-trailers,Destiny: Iron Gjallarwing Sparrow,Destiny: Rise of Iron - Official Iron Gjallarwing Sparrow Pre-order Trailer | PS4,PlayStation,,YbW_CdrYCGE,https://www.youtube.com/embed/YbW_CdrYCGE,ok
Game Trailers/Teasers,11,Official Destiny EV-30 Tumbler Sparrow Trailer,"Promotional trailer/teaser built to quickly introduce the title, event, character, feature, or mood. Destiny/Bungie-related sci-fi action material is prominent.",https://i.ytimg.com/vi/F7renQhqEyo/hqdefault.jpg,YouTube,https://www.youtube.com/watch?v=F7renQhqEyo,https://zbutcher.myportfolio.com/game-trailers,Official Destiny EV-30 Tumbler Sparrow Trailer,Official Destiny EV-30 Tumbler Sparrow Trailer,Destiny 2,,F7renQhqEyo,https://www.youtube.com/embed/F7renQhqEyo,ok
Game Trailers/Teasers,12,Destiny: The Taken King - Crucible Preview Event,"Promotional trailer/teaser built to quickly introduce the title, event, character, feature, or mood. Destiny/Bungie-related sci-fi action material is prominent.",https://i.ytimg.com/vi/zTiCFIwW37Y/hqdefault.jpg,YouTube,https://www.youtube.com/watch?v=zTiCFIwW37Y,https://zbutcher.myportfolio.com/game-trailers,Destiny: The Taken King - Crucible Preview Event,Official Destiny: The Taken King Crucible Preview Event,Bungie,,zTiCFIwW37Y,https://www.youtube.com/embed/zTiCFIwW37Y,ok
Game Trailers/Teasers,13,Official Destiny Competitive Multiplayer Trailer,"Promotional trailer/teaser built to quickly introduce the title, event, character, feature, or mood. Destiny/Bungie-related sci-fi action material is prominent.",https://i.ytimg.com/vi/20opyh1pLYg/hqdefault.jpg,YouTube,https://www.youtube.com/watch?v=20opyh1pLYg,https://zbutcher.myportfolio.com/game-trailers,Official Destiny Competitive Multiplayer Trailer,Official Destiny Competitive Multiplayer Trailer,Destiny 2,,20opyh1pLYg,https://www.youtube.com/embed/20opyh1pLYg,ok
Game Trailers/Teasers,14,FIFA 13 MESSI: E3 First Gameplay Trailer,"Promotional trailer/teaser built to quickly introduce the title, event, character, feature, or mood.",https://i.vimeocdn.com/video/1829158544-2b6b77f06fab57ffada6443ebfa78a8fae3649bdbb29632988bfaed49d8abaf3-d_295x166?region=us,Vimeo,https://vimeo.com/931744685,https://zbutcher.myportfolio.com/game-trailers,FIFA 13 MESSI: E3 First Gameplay Trailer,FIFA 13 MESSI: E3 First Gameplay Trailer,zbutcher,89,931744685,https://player.vimeo.com/video/931744685?badge=0&autopause=0&player_id=0&app_id=58479,ok
Game Trailers/Teasers,15,"EA: ""Medal of Honor - Pacific Assault"" Trailer (Golden Trailer Award)","Promotional trailer/teaser built to quickly introduce the title, event, character, feature, or mood. Title was recovered from video-provider metadata rather than portfolio caption.",https://i.vimeocdn.com/video/1829352740-412b2557df71a969b5e83695a1eecaf2ad499e9264a2a396eb34f2c65ad2f91b-d_295x166?region=us,Vimeo,https://vimeo.com/931886318,https://zbutcher.myportfolio.com/game-trailers,,"EA: ""Medal of Honor - Pacific Assault"" Trailer (Golden Trailer Award)",zbutcher,125,931886318,https://player.vimeo.com/video/931886318?badge=0&autopause=0&player_id=0&app_id=58479,ok
Game Trailers/Teasers,16,"Electronic Art's ""Medal of Honor: Pacific Assault"" Director's Edition",Portfolio video embedded as an example of editorial work.,https://i.ytimg.com/vi/fh4ix3OeiFc/hqdefault.jpg,YouTube,https://www.youtube.com/watch?v=fh4ix3OeiFc,https://zbutcher.myportfolio.com/game-trailers,"Electronic Art's ""Medal of Honor: Pacific Assault"" Director's Edition",Medal of Honor: Pacific Assault  - Directors Edition Trailer,gameuncut,,fh4ix3OeiFc,https://www.youtube.com/embed/fh4ix3OeiFc?si=CDsSxwN_IaF4fzYe,ok
Game Trailers/Teasers,17,"George Romero's Land of the Dead: ""Viddler's Green"" - Game Trailer","Promotional trailer/teaser built to quickly introduce the title, event, character, feature, or mood.",https://i.vimeocdn.com/video/1829172587-3301fe211b2a093a96f619978d02858df21583cce2d810b70d4d10aaff6e9da2-d_295x166?region=us,Vimeo,https://vimeo.com/931775616,https://zbutcher.myportfolio.com/game-trailers,"George Romero's Land of the Dead: ""Viddler's Green"" - Game Trailer","George Romero's Land of the Dead: ""Viddler's Green"" - Game Trailer",zbutcher,96,931775616,https://player.vimeo.com/video/931775616?badge=0&autopause=0&player_id=0&app_id=58479,ok
Game Trailers/Teasers,18,"Spore Hero: ""Hero Arena"" Game Trailer","Promotional trailer/teaser built to quickly introduce the title, event, character, feature, or mood.",https://i.vimeocdn.com/video/1829184066-dbea3b06e7e596ea9de7aa07782a7b3113e2e316827c09e0605760275df625bc-d_295x166?region=us,Vimeo,https://vimeo.com/931782792,https://zbutcher.myportfolio.com/game-trailers,"Spore Hero: ""Hero Arena"" Game Trailer","Spore Hero: ""Hero Arena"" - Game Trailer",zbutcher,91,931782792,https://player.vimeo.com/video/931782792?badge=0&autopause=0&player_id=0&app_id=58479,ok
Game Trailers/Teasers,19,"Spore Hero: ""Make Yourself a Hero"" Game Trailer​​​​​​​","Promotional trailer/teaser built to quickly introduce the title, event, character, feature, or mood.",https://i.vimeocdn.com/video/1829197894-c3d217616d225f8a54ac40be937192b5f2cac403ef73a5e2db2067b979fa63dc-d_295x166?region=us,Vimeo,https://vimeo.com/931790204,https://zbutcher.myportfolio.com/game-trailers,"Spore Hero: ""Make Yourself a Hero"" Game Trailer​​​​​​​","Spore Hero: ""Make Yourself a Hero"" - Game Trailer",zbutcher,82,931790204,https://player.vimeo.com/video/931790204?badge=0&autopause=0&player_id=0&app_id=58479,ok
Game Montage/ViDocs,1,XBOX Game Pass - Games Reveal Announcement,"Game-focused documentary/montage piece, likely combining gameplay, developer/story context, and promotional pacing. Focuses on Xbox Game Pass catalog/service promotion.",https://i.ytimg.com/vi/uwxOgitOXfc/hqdefault.jpg,YouTube,https://www.youtube.com/watch?v=uwxOgitOXfc,https://zbutcher.myportfolio.com/game-montages,XBOX Game Pass - Games Reveal Announcement,Xbox Game Pass - X019 - Announcing New Games,XBOX,,uwxOgitOXfc,https://www.youtube.com/embed/uwxOgitOXfc,ok
Game Montage/ViDocs,2,Xbox Game Pass This Holiday - Game Awards Announce,"Game-focused documentary/montage piece, likely combining gameplay, developer/story context, and promotional pacing. Focuses on Xbox Game Pass catalog/service promotion.",https://i.ytimg.com/vi/DgT30ab-eV8/hqdefault.jpg,YouTube,https://www.youtube.com/watch?v=DgT30ab-eV8,https://zbutcher.myportfolio.com/game-montages,Xbox Game Pass This Holiday - Game Awards Announce,Coming Soon to Xbox Game Pass This Holiday (The Game Awards 2020 Announce)_HD,Games Trailers,,DgT30ab-eV8,https://www.youtube.com/embed/DgT30ab-eV8?si=2VG2x8erJ8dVq7So,ok
Game Montage/ViDocs,3,Bungie ViDoc: The Moon and Beyond,"Game-focused documentary/montage piece, likely combining gameplay, developer/story context, and promotional pacing.",https://i.ytimg.com/vi/mEvVKCKdtfw/hqdefault.jpg,YouTube,https://www.youtube.com/watch?v=mEvVKCKdtfw,https://zbutcher.myportfolio.com/game-montages,Bungie ViDoc: The Moon and Beyond,Bungie ViDoc – The Moon and Beyond,Bungie,,mEvVKCKdtfw,https://www.youtube.com/embed/mEvVKCKdtfw,ok
Game Montage/ViDocs,4,Bungie ViDoc: Out of the Shadows,"Game-focused documentary/montage piece, likely combining gameplay, developer/story context, and promotional pacing.",https://i.ytimg.com/vi/WVk4PkTG99o/hqdefault.jpg,YouTube,https://www.youtube.com/watch?v=WVk4PkTG99o,https://zbutcher.myportfolio.com/game-montages,Bungie ViDoc: Out of the Shadows,Bungie ViDoc - Out of the Shadows,Bungie,,WVk4PkTG99o,https://www.youtube.com/embed/WVk4PkTG99o,ok
Game Montage/ViDocs,5,Bungie ViDoc - Destiny 2: Season of the Drifter,"Game-focused documentary/montage piece, likely combining gameplay, developer/story context, and promotional pacing. Destiny/Bungie-related sci-fi action material is prominent.",https://i.ytimg.com/vi/XNwmc5vMkLM/hqdefault.jpg,YouTube,https://www.youtube.com/watch?v=XNwmc5vMkLM,https://zbutcher.myportfolio.com/game-montages,Bungie ViDoc - Destiny 2: Season of the Drifter,Bungie ViDoc – Season of the Drifter,Bungie,,XNwmc5vMkLM,https://www.youtube.com/embed/XNwmc5vMkLM,ok
Game Montage/ViDocs,6,Bungie ViDoc – Destiny 2: Forsaken,"Game-focused documentary/montage piece, likely combining gameplay, developer/story context, and promotional pacing. Destiny/Bungie-related sci-fi action material is prominent.",https://i.ytimg.com/vi/vQDH-3Hu4PI/hqdefault.jpg,YouTube,https://www.youtube.com/watch?v=vQDH-3Hu4PI,https://zbutcher.myportfolio.com/game-montages,Bungie ViDoc – Destiny 2: Forsaken,Bungie ViDoc – Destiny 2: Forsaken,Bungie,,vQDH-3Hu4PI,https://www.youtube.com/embed/vQDH-3Hu4PI,ok
Game Montage/ViDocs,7,Destiny 2: Official Gameplay World Premiere,"Game-focused documentary/montage piece, likely combining gameplay, developer/story context, and promotional pacing. Destiny/Bungie-related sci-fi action material is prominent.",https://i.ytimg.com/vi/Voa2nhxSjlc/hqdefault.jpg,YouTube,https://www.youtube.com/watch?v=Voa2nhxSjlc,https://zbutcher.myportfolio.com/game-montages,Destiny 2: Official Gameplay World Premiere,Destiny 2 Gameplay Premiere – The Next Adventure,Bungie,,Voa2nhxSjlc,https://www.youtube.com/embed/Voa2nhxSjlc,ok
Game Montage/ViDocs,8,Official Destiny 2 PC ViDoc: A Whole New World,"Game-focused documentary/montage piece, likely combining gameplay, developer/story context, and promotional pacing. Destiny/Bungie-related sci-fi action material is prominent.",https://i.ytimg.com/vi/Ujln3hGw-E0/hqdefault.jpg,YouTube,https://www.youtube.com/watch?v=Ujln3hGw-E0,https://zbutcher.myportfolio.com/game-montages,Official Destiny 2 PC ViDoc: A Whole New World,Official Destiny 2 PC ViDoc: A Whole New World,Bungie,,Ujln3hGw-E0,https://www.youtube.com/embed/Ujln3hGw-E0,ok
Game Montage/ViDocs,9,Destiny: Rise Of Iron - Forged in Fire ViDoc,"Game-focused documentary/montage piece, likely combining gameplay, developer/story context, and promotional pacing. Destiny/Bungie-related sci-fi action material is prominent.",https://i.ytimg.com/vi/nu_CSHegu5s/hqdefault.jpg,YouTube,https://www.youtube.com/watch?v=nu_CSHegu5s,https://zbutcher.myportfolio.com/game-montages,Destiny: Rise Of Iron - Forged in Fire ViDoc,Official Destiny: Rise of Iron – Forged in Fire ViDoc,Destiny 2,,nu_CSHegu5s,https://www.youtube.com/embed/nu_CSHegu5s,ok
Game Montage/ViDocs,10,Official Destiny ViDoc: The Taken King - No Legend is Safe,"Game-focused documentary/montage piece, likely combining gameplay, developer/story context, and promotional pacing. Destiny/Bungie-related sci-fi action material is prominent.",https://i.ytimg.com/vi/qOzF4D6EdiY/hqdefault.jpg,YouTube,https://www.youtube.com/watch?v=qOzF4D6EdiY,https://zbutcher.myportfolio.com/game-montages,Official Destiny ViDoc: The Taken King - No Legend is Safe,Official Destiny: The Taken King ViDoc – No Legend Is Safe,Destiny 2,,qOzF4D6EdiY,https://www.youtube.com/embed/qOzF4D6EdiY,ok
Game Montage/ViDocs,11,Official Destiny Expansion I: The Dark Below Preview,"Game-focused documentary/montage piece, likely combining gameplay, developer/story context, and promotional pacing. Destiny/Bungie-related sci-fi action material is prominent. Title was recovered from video-provider metadata rather than portfolio caption.",https://i.ytimg.com/vi/6saWAcGizxU/hqdefault.jpg,YouTube,https://www.youtube.com/watch?v=6saWAcGizxU,https://zbutcher.myportfolio.com/game-montages,,Official Destiny Expansion I: The Dark Below Preview,Destiny 2,,6saWAcGizxU,https://www.youtube.com/embed/6saWAcGizxU,ok
Game Montage/ViDocs,12,Destiny: Official E3 Gameplay Experience Trailer,"Game-focused documentary/montage piece, likely combining gameplay, developer/story context, and promotional pacing. Destiny/Bungie-related sci-fi action material is prominent. Title was recovered from video-provider metadata rather than portfolio caption.",https://i.ytimg.com/vi/LIxxsw7TNd4/hqdefault.jpg,YouTube,https://www.youtube.com/watch?v=LIxxsw7TNd4,https://zbutcher.myportfolio.com/game-montages,,Destiny: Official E3 Gameplay Experience Trailer,Destiny 2,,LIxxsw7TNd4,https://www.youtube.com/embed/LIxxsw7TNd4,ok
Game Montage/ViDocs,13,Reveal Trailer - Official Destiny ViDoc: Pathways Out of Darkness,"Game-focused documentary/montage piece, likely combining gameplay, developer/story context, and promotional pacing. Destiny/Bungie-related sci-fi action material is prominent. Title was recovered from video-provider metadata rather than portfolio caption.",https://i.ytimg.com/vi/EwOUi4JDC4o/hqdefault.jpg,YouTube,https://www.youtube.com/watch?v=EwOUi4JDC4o,https://zbutcher.myportfolio.com/game-montages,,Reveal Trailer - Official Destiny ViDoc: Pathways Out of Darkness,Destiny 2,,EwOUi4JDC4o,https://www.youtube.com/embed/EwOUi4JDC4o,ok
Game Montage/ViDocs,14,Out Here in the Wild - Official Destiny ViDoc,"Game-focused documentary/montage piece, likely combining gameplay, developer/story context, and promotional pacing. Destiny/Bungie-related sci-fi action material is prominent. Title was recovered from video-provider metadata rather than portfolio caption.",https://i.ytimg.com/vi/Y1OjUWw43co/hqdefault.jpg,YouTube,https://www.youtube.com/watch?v=Y1OjUWw43co,https://zbutcher.myportfolio.com/game-montages,,Out Here in the Wild - Official Destiny ViDoc,Destiny 2,,Y1OjUWw43co,https://www.youtube.com/embed/Y1OjUWw43co,ok
Game Montage/ViDocs,15,O Brave New World,"Game-focused documentary/montage piece, likely combining gameplay, developer/story context, and promotional pacing. Title was recovered from video-provider metadata rather than portfolio caption.",https://i.ytimg.com/vi/OtG6--4r_qk/hqdefault.jpg,YouTube,https://www.youtube.com/watch?v=OtG6--4r_qk,https://zbutcher.myportfolio.com/game-montages,,O Brave New World,Bungie,,OtG6--4r_qk,https://www.youtube.com/embed/OtG6--4r_qk,ok
Game Montage/ViDocs,16,Official Destiny Gameplay Reveal Video,"Game-focused documentary/montage piece, likely combining gameplay, developer/story context, and promotional pacing. Destiny/Bungie-related sci-fi action material is prominent. Title was recovered from video-provider metadata rather than portfolio caption.",https://i.ytimg.com/vi/gIp7vZuYzoA/hqdefault.jpg,YouTube,https://www.youtube.com/watch?v=gIp7vZuYzoA,https://zbutcher.myportfolio.com/game-montages,,Official Destiny Gameplay Reveal Video,Destiny 2,,gIp7vZuYzoA,https://www.youtube.com/embed/gIp7vZuYzoA,ok
Game Montage/ViDocs,17,Official Destiny Strike Gameplay: The Devils' Lair,"Game-focused documentary/montage piece, likely combining gameplay, developer/story context, and promotional pacing. Destiny/Bungie-related sci-fi action material is prominent. Title was recovered from video-provider metadata rather than portfolio caption.",https://i.ytimg.com/vi/LeDaevD7cEo/hqdefault.jpg,YouTube,https://www.youtube.com/watch?v=LeDaevD7cEo,https://zbutcher.myportfolio.com/game-montages,,Official Destiny Strike Gameplay: The Devils' Lair,Destiny 2,,LeDaevD7cEo,https://www.youtube.com/embed/LeDaevD7cEo,ok
Game Montage/ViDocs,18,Assassin's Creed III: Episode One | BTS | Ubisoft [NA],"Game-focused documentary/montage piece, likely combining gameplay, developer/story context, and promotional pacing. Title was recovered from video-provider metadata rather than portfolio caption.",https://i.ytimg.com/vi/UU8QvxZ8ndI/hqdefault.jpg,YouTube,https://www.youtube.com/watch?v=UU8QvxZ8ndI,https://zbutcher.myportfolio.com/game-montages,,Assassin's Creed III: Episode One | BTS | Ubisoft [NA],Assassin's Creed,,UU8QvxZ8ndI,https://www.youtube.com/embed/UU8QvxZ8ndI,ok
Game Montage/ViDocs,19,Assassin's Creed III: Episode Two | BTS | Ubisoft [NA],"Game-focused documentary/montage piece, likely combining gameplay, developer/story context, and promotional pacing. Title was recovered from video-provider metadata rather than portfolio caption.",https://i.ytimg.com/vi/Pkrb7Sv2lSE/hqdefault.jpg,YouTube,https://www.youtube.com/watch?v=Pkrb7Sv2lSE,https://zbutcher.myportfolio.com/game-montages,,Assassin's Creed III: Episode Two | BTS | Ubisoft [NA],Assassin's Creed,,Pkrb7Sv2lSE,https://www.youtube.com/embed/Pkrb7Sv2lSE,ok
Game Montage/ViDocs,20,Assassin's Creed III: Episode Three | BTS | Ubisoft [NA],"Game-focused documentary/montage piece, likely combining gameplay, developer/story context, and promotional pacing. Title was recovered from video-provider metadata rather than portfolio caption.",https://i.ytimg.com/vi/WR11fWofGFE/hqdefault.jpg,YouTube,https://www.youtube.com/watch?v=WR11fWofGFE,https://zbutcher.myportfolio.com/game-montages,,Assassin's Creed III: Episode Three | BTS | Ubisoft [NA],Assassin's Creed,,WR11fWofGFE,https://www.youtube.com/embed/WR11fWofGFE,ok
Game Montage/ViDocs,21,Inside Assassin's Creed III : Episode Four [UK],"Game-focused documentary/montage piece, likely combining gameplay, developer/story context, and promotional pacing. Title was recovered from video-provider metadata rather than portfolio caption.",https://i.ytimg.com/vi/9U4a1H9jXxQ/hqdefault.jpg,YouTube,https://www.youtube.com/watch?v=9U4a1H9jXxQ,https://zbutcher.myportfolio.com/game-montages,,Inside Assassin's Creed III : Episode Four [UK],Assassin's Creed,,9U4a1H9jXxQ,https://www.youtube.com/embed/9U4a1H9jXxQ,ok
Game Montage/ViDocs,22,"""Electronic Art's/Arnson Communications"" - Brand ID","Game-focused documentary/montage piece, likely combining gameplay, developer/story context, and promotional pacing. Title was recovered from video-provider metadata rather than portfolio caption.",https://i.vimeocdn.com/video/128195393-3859e1216e2c0af3b94cc1d3d87f1ed7fcb149401d3c69863a70f2dd40bec395-d_295x166?region=us,Vimeo,https://vimeo.com/20116815,https://zbutcher.myportfolio.com/game-montages,,"""Electronic Art's/Arnson Communications"" - Brand ID",zbutcher,110,20116815,https://player.vimeo.com/video/20116815?title=0&byline=0&portrait=0&color=ffffff,ok
Game Montage/ViDocs,23,"""JET 2 THE LIGHT: Electronic Art's E3"" - Video Wall Installation","Game-focused documentary/montage piece, likely combining gameplay, developer/story context, and promotional pacing. Title was recovered from video-provider metadata rather than portfolio caption.",https://i.vimeocdn.com/video/128230116-1e793a18c0b0c3cd4750047223cf664666532ba376de9ecaa42b069327abbc9e-d_295x166?region=us,Vimeo,https://vimeo.com/20118976,https://zbutcher.myportfolio.com/game-montages,,"""JET 2 THE LIGHT: Electronic Art's E3"" - Video Wall Installation",zbutcher,192,20118976,https://player.vimeo.com/video/20118976?title=0&byline=0&portrait=0&color=ffffff,ok
Game Montage/ViDocs,24,"""REVOLUTION: Electronic Art's E3"" - Video Wall Installation","Game-focused documentary/montage piece, likely combining gameplay, developer/story context, and promotional pacing. Title was recovered from video-provider metadata rather than portfolio caption.",https://i.vimeocdn.com/video/136830084-dace15dffaf1fc7e13f49c74989820f0f5f57085574ec6d466a776d3ab7b65f4-d_295x166?region=us,Vimeo,https://vimeo.com/20118419,https://zbutcher.myportfolio.com/game-montages,,"""REVOLUTION: Electronic Art's E3"" - Video Wall Installation",zbutcher,187,20118419,https://player.vimeo.com/video/20118419?title=0&byline=0&portrait=0&color=ffffff,ok
Theatrical Trailers,1,"""La Vie En Rose"" - Theatrical Trailer","Promotional trailer/teaser built to quickly introduce the title, event, character, feature, or mood. Title was recovered from video-provider metadata rather than portfolio caption.",https://i.vimeocdn.com/video/128071520-3e4fe2a24a4499dd3707e273cbc5d9f122a97a940f3c6ff0a44812e3b0f2a94e-d_295x166?region=us,Vimeo,https://vimeo.com/20098173,https://zbutcher.myportfolio.com/theatrical,,"""La Vie En Rose"" - Theatrical Trailer",zbutcher,121,20098173,https://player.vimeo.com/video/20098173?title=0&byline=0&portrait=0&color=ffffff,ok
Theatrical Trailers,2,"""Paradise Now"" - International Trailer (Golden Trailer Award)","Promotional trailer/teaser built to quickly introduce the title, event, character, feature, or mood. Title was recovered from video-provider metadata rather than portfolio caption.",https://i.vimeocdn.com/video/128065556-b70f5b7fe7a96e6e2fe7aa65311b1b28608020ac389ea1e1bd14df343894955e-d_295x166?region=us,Vimeo,https://vimeo.com/20097507,https://zbutcher.myportfolio.com/theatrical,,"""Paradise Now"" - International Trailer (Golden Trailer Award)",zbutcher,149,20097507,https://player.vimeo.com/video/20097507?title=0&byline=0&portrait=0&color=ffffff,ok
Theatrical Trailers,3,"""Fur"" - Theatrical Trailer (Golden Trailer Award)","Promotional trailer/teaser built to quickly introduce the title, event, character, feature, or mood. Title was recovered from video-provider metadata rather than portfolio caption.",https://i.vimeocdn.com/video/128050474-a6e0acf2b3e48f15246b54d0e7b5c95670846e445d78b7138117b38738c577e8-d_295x166?region=us,Vimeo,https://vimeo.com/20095488,https://zbutcher.myportfolio.com/theatrical,,"""Fur"" - Theatrical Trailer (Golden Trailer Award)",zbutcher,141,20095488,https://player.vimeo.com/video/20095488?title=0&byline=0&portrait=0&color=ffffff,ok
Theatrical Trailers,4,"""Danika"" Theatrical Trailer","Promotional trailer/teaser built to quickly introduce the title, event, character, feature, or mood.",https://i.ytimg.com/vi/PJ9vjLKHu7g/hqdefault.jpg,YouTube,https://www.youtube.com/watch?v=PJ9vjLKHu7g,https://zbutcher.myportfolio.com/theatrical,"""Danika"" Theatrical Trailer",Danika - Trailer,Millennium Entertainment,,PJ9vjLKHu7g,https://www.youtube.com/embed/PJ9vjLKHu7g,ok
Theatrical Trailers,5,"""Chumscrubber"" Theatrical Trailer","Promotional trailer/teaser built to quickly introduce the title, event, character, feature, or mood. Title was recovered from video-provider metadata rather than portfolio caption.",https://i.vimeocdn.com/video/128039913-e14d437c4235887ebdeddfe715ed5cb23b6c9d09b89ab8641db51c0463a97486-d_295x166?region=us,Vimeo,https://vimeo.com/20094033,https://zbutcher.myportfolio.com/theatrical,,"""Chumscrubber"" Theatrical Trailer",zbutcher,140,20094033,https://player.vimeo.com/video/20094033?title=0&byline=0&portrait=0&color=ffffff,ok
Theatrical Trailers,6,"""Duck Season"" Theatrical Trailer","Promotional trailer/teaser built to quickly introduce the title, event, character, feature, or mood. Title was recovered from video-provider metadata rather than portfolio caption.",https://i.vimeocdn.com/video/128044662-1a8ea33593c17f0f15b279336a1360f647b60646a9af5a896b82d20b5e330c4d-d_295x166?region=us,Vimeo,https://vimeo.com/20094714,https://zbutcher.myportfolio.com/theatrical,,"""Duck Season"" Theatrical Trailer",zbutcher,108,20094714,https://player.vimeo.com/video/20094714?title=0&byline=0&portrait=0&color=ffffff,ok
Theatrical Trailers,7,Retribution Trailer youtube,"Promotional trailer/teaser built to quickly introduce the title, event, character, feature, or mood. Title was recovered from video-provider metadata rather than portfolio caption.",https://i.vimeocdn.com/video/128068706-5c03d47c30b4fe9579d2aafd07d26ac4c6d70ec6a3251ce14654b12b5ec67f5b-d_295x166?region=us,Vimeo,https://vimeo.com/20097977,https://zbutcher.myportfolio.com/theatrical,,Retribution Trailer youtube,zbutcher,115,20097977,https://player.vimeo.com/video/20097977?title=0&byline=0&portrait=0&color=ffffff,ok
Theatrical Trailers,8,"""Last Days"" Theatrical Trailer","Promotional trailer/teaser built to quickly introduce the title, event, character, feature, or mood. Title was recovered from video-provider metadata rather than portfolio caption.",https://i.vimeocdn.com/video/128058009-b968b86497a45ae65d4c3533956d93b84d917f39ff02e923ad4a80d4fd88206d-d_295x166?region=us,Vimeo,https://vimeo.com/20096517,https://zbutcher.myportfolio.com/theatrical,,"""Last Days"" Theatrical Trailer",zbutcher,116,20096517,https://player.vimeo.com/video/20096517?title=0&byline=0&portrait=0&color=ffffff,ok
Theatrical Trailers,9,"""KISS: Detroit Rock City Movie (Opening Credits)","Film/theatrical marketing piece presenting story, tone, characters, and release appeal. Music/performance branding is central.",https://i.ytimg.com/vi/1RyTy4peC4s/hqdefault.jpg,YouTube,https://www.youtube.com/watch?v=1RyTy4peC4s,https://zbutcher.myportfolio.com/theatrical,"""KISS: Detroit Rock City Movie (Opening Credits)",KISS - Detroit Rock City Movie (Opening Credits),Tate Smith,,1RyTy4peC4s,https://www.youtube.com/embed/1RyTy4peC4s,ok
Theatrical Trailers,10,"""Desert Saints"" Theatrical Trailer","Promotional trailer/teaser built to quickly introduce the title, event, character, feature, or mood. Title was recovered from video-provider metadata rather than portfolio caption.",https://i.vimeocdn.com/video/128044082-6c95692360e15a9bd0fc3ee8c27b22188c8e153d863f1bcf17c52a6ece7ae85a-d_295x166?region=us,Vimeo,https://vimeo.com/20094655,https://zbutcher.myportfolio.com/theatrical,,"""Desert Saints"" Theatrical Trailer",zbutcher,107,20094655,https://player.vimeo.com/video/20094655?title=0&byline=0&portrait=0&color=ffffff,ok
Theatrical Trailers,11,Imagining Argentina,"Film/theatrical marketing piece presenting story, tone, characters, and release appeal. Title was recovered from video-provider metadata rather than portfolio caption.",https://i.vimeocdn.com/video/128055707-16d86f903204059b4d3f30faec00c2e45012d25c2dd1ff43b74979e61c45b683-d_295x166?region=us,Vimeo,https://vimeo.com/20096162,https://zbutcher.myportfolio.com/theatrical,,Imagining Argentina,zbutcher,139,20096162,https://player.vimeo.com/video/20096162?title=0&byline=0&portrait=0&color=ffffff,ok
Theatrical Trailers,12,"""GI Jane"" Theatrical Trailer","Promotional trailer/teaser built to quickly introduce the title, event, character, feature, or mood. Title was recovered from video-provider metadata rather than portfolio caption.",https://i.vimeocdn.com/video/128052820-16030f7ae7a31aa9f6a8fc1f61e80df6f7f3fa3695afa9540a865103f3b507b6-d_295x166?region=us,Vimeo,https://vimeo.com/20095825,https://zbutcher.myportfolio.com/theatrical,,"""GI Jane"" Theatrical Trailer",zbutcher,62,20095825,https://player.vimeo.com/video/20095825?title=0&byline=0&portrait=0&color=ffffff,ok
Theatrical Trailers,13,"""GI Jane"" TV Spot","Film/theatrical marketing piece presenting story, tone, characters, and release appeal. Title was recovered from video-provider metadata rather than portfolio caption.",https://i.vimeocdn.com/video/128053640-21b363b232aefaf83085589e9f2eecdf096394c81fe29da86f2c94fc961e36b8-d_295x166?region=us,Vimeo,https://vimeo.com/20095839,https://zbutcher.myportfolio.com/theatrical,,"""GI Jane"" TV Spot",zbutcher,32,20095839,https://player.vimeo.com/video/20095839?title=0&byline=0&portrait=0&color=ffffff,ok
Emmy/GTA Awards,1,"Electronic Arts' ""Medal of Honor: Pacific Assault"" Game Trailer","Promotional trailer/teaser built to quickly introduce the title, event, character, feature, or mood.",https://i.vimeocdn.com/video/128049408-b56c1ff924a0e77b0f2ba2298dc2ebb47481ae9dd90bd1ace3b01681dd96ea1c-d_295x166?region=us,Vimeo,https://vimeo.com/20095077,https://zbutcher.myportfolio.com/awards,"Electronic Arts' ""Medal of Honor: Pacific Assault"" Game Trailer","Electronic Arts' ""Medal of Honor"" Game Trailer (Golden Trailer Award)",zbutcher,142,20095077,https://player.vimeo.com/video/20095077?title=0&byline=0&portrait=0&color=ffffff,ok
Emmy/GTA Awards,2,"Electronic Art's ""Medal of Honor: Pacific Assault"" Director's Edition",Award-recognized trailer/promo/editorial work featured in the portfolio.,https://i.ytimg.com/vi/fh4ix3OeiFc/hqdefault.jpg,YouTube,https://www.youtube.com/watch?v=fh4ix3OeiFc,https://zbutcher.myportfolio.com/awards,"Electronic Art's ""Medal of Honor: Pacific Assault"" Director's Edition",Medal of Honor: Pacific Assault  - Directors Edition Trailer,gameuncut,,fh4ix3OeiFc,https://www.youtube.com/embed/fh4ix3OeiFc?si=CDsSxwN_IaF4fzYe,ok
Emmy/GTA Awards,3,"""MTV's The Osbournes"" - PILOT Episode (Emmy Award)",Award-recognized trailer/promo/editorial work featured in the portfolio.,https://i.vimeocdn.com/video/128065263-42c822acb801b91a079624ac12dc771f65446e6839200923fec1099aa0ec3696-d_295x166?region=us,Vimeo,https://vimeo.com/20097383,https://zbutcher.myportfolio.com/awards,"""MTV's The Osbournes"" - PILOT Episode (Emmy Award)","""MTV's The Osbournes"" - PILOT Episode (Emmy Award)",zbutcher,100,20097383,https://player.vimeo.com/video/20097383?title=0&byline=0&portrait=0&color=ffffff,ok
Emmy/GTA Awards,4,"""Paradise Now"" International Trailer (Golden Trailer Award)","Promotional trailer/teaser built to quickly introduce the title, event, character, feature, or mood.",https://i.vimeocdn.com/video/128065556-b70f5b7fe7a96e6e2fe7aa65311b1b28608020ac389ea1e1bd14df343894955e-d_295x166?region=us,Vimeo,https://vimeo.com/20097507,https://zbutcher.myportfolio.com/awards,"""Paradise Now"" International Trailer (Golden Trailer Award)","""Paradise Now"" - International Trailer (Golden Trailer Award)",zbutcher,149,20097507,https://player.vimeo.com/video/20097507?title=0&byline=0&portrait=0&color=ffffff,ok
Emmy/GTA Awards,5,"""Fur"" Theatrical Trailer (Golden Trailer Award)","Promotional trailer/teaser built to quickly introduce the title, event, character, feature, or mood.",https://i.vimeocdn.com/video/128050474-a6e0acf2b3e48f15246b54d0e7b5c95670846e445d78b7138117b38738c577e8-d_295x166?region=us,Vimeo,https://vimeo.com/20095488,https://zbutcher.myportfolio.com/awards,"""Fur"" Theatrical Trailer (Golden Trailer Award)","""Fur"" - Theatrical Trailer (Golden Trailer Award)",zbutcher,141,20095488,https://player.vimeo.com/video/20095488?title=0&byline=0&portrait=0&color=ffffff,ok
Television,1,"SHOWTIME: Weeds ""Terrible Things"" - Season 6 Promo","Television promo, episode/special excerpt, rockumentary, or broadcast-style editorial work. Title was recovered from video-provider metadata rather than portfolio caption.",https://i.vimeocdn.com/video/128167865-e8740bf151add916619b355ec8c197a2ef52ed1ffdebb520bbb1abc1315f4113-d_295x166?region=us,Vimeo,https://vimeo.com/20113005,https://zbutcher.myportfolio.com/television,,"SHOWTIME: Weeds ""Terrible Things"" - Season 6 Promo",zbutcher,55,20113005,https://player.vimeo.com/video/20113005?title=0&byline=0&portrait=0&color=ffffff,ok
Television,2,BRAVO: Real Housewives of New Jersey - Season 5 Promo,"Television promo, episode/special excerpt, rockumentary, or broadcast-style editorial work.",https://i.vimeocdn.com/video/643434126-fe0b3db3e38586af670734dd4d4f3e4ef329359d91e9bb977bb6421ce071e931-d_640?region=us,Vimeo,https://vimeo.com/224387219,https://zbutcher.myportfolio.com/television,BRAVO: Real Housewives of New Jersey - Season 5 Promo,BRAVO: Real Housewives of New Jersey Promo - Season 5,zbutcher,30,224387219,https://player.vimeo.com/video/224387219,ok
Television,3,"""MTV's The Osbournes"" - PILOT Episode (Emmy Award)","Television promo, episode/special excerpt, rockumentary, or broadcast-style editorial work. Title was recovered from video-provider metadata rather than portfolio caption.",https://i.vimeocdn.com/video/128065263-42c822acb801b91a079624ac12dc771f65446e6839200923fec1099aa0ec3696-d_295x166?region=us,Vimeo,https://vimeo.com/20097383,https://zbutcher.myportfolio.com/television,,"""MTV's The Osbournes"" - PILOT Episode (Emmy Award)",zbutcher,100,20097383,https://player.vimeo.com/video/20097383?title=0&byline=0&portrait=0&color=ffffff,ok
Television,4,"Taylor Swift: ""Journey To Fearless"" Special","Television promo, episode/special excerpt, rockumentary, or broadcast-style editorial work. Music/performance branding is central.",https://i.ytimg.com/vi/Pd79jWRWzIs/hqdefault.jpg,YouTube,https://www.youtube.com/watch?v=Pd79jWRWzIs,https://zbutcher.myportfolio.com/television,"Taylor Swift: ""Journey To Fearless"" Special",Taylor Swift  - Journey to Fearless 2010 (Episode 1) (1080p HD),PLANET BEXIA NETWORK,,Pd79jWRWzIs,https://www.youtube.com/embed/Pd79jWRWzIs?si=6UYERd_FZv6QdTSR,ok
Television,5,Speak Now World Tour Live CD+DVD,"Television promo, episode/special excerpt, rockumentary, or broadcast-style editorial work. Title was recovered from video-provider metadata rather than portfolio caption.",https://i.ytimg.com/vi/KFoOCZeKgzQ/hqdefault.jpg,YouTube,https://www.youtube.com/watch?v=KFoOCZeKgzQ,https://zbutcher.myportfolio.com/television,,Speak Now World Tour Live CD+DVD,Taylor Swift,,KFoOCZeKgzQ,https://www.youtube.com/embed/KFoOCZeKgzQ,ok
Television,6,"""Jay Leno Tonight Show"" - Open","Television promo, episode/special excerpt, rockumentary, or broadcast-style editorial work. Title was recovered from video-provider metadata rather than portfolio caption.",https://i.vimeocdn.com/video/128056448-f73deac2380b984224f5190180b5d91c2b855828d91f86187d26c0866c256a99-d_295x166?region=us,Vimeo,https://vimeo.com/20096251,https://zbutcher.myportfolio.com/television,,"""Jay Leno Tonight Show"" - Open",zbutcher,36,20096251,https://player.vimeo.com/video/20096251?title=0&byline=0&portrait=0&color=ffffff,ok
Television,7,VH1 Behind The Music- Brandy Promo (2012),"Television promo, episode/special excerpt, rockumentary, or broadcast-style editorial work. Title was recovered from video-provider metadata rather than portfolio caption.",https://i.ytimg.com/vi/XrDfGv6Jwew/hqdefault.jpg,YouTube,https://www.youtube.com/watch?v=XrDfGv6Jwew,https://zbutcher.myportfolio.com/television,,VH1 Behind The Music- Brandy Promo (2012),Jay Marrero,,XrDfGv6Jwew,https://www.youtube.com/embed/XrDfGv6Jwew,ok
Television,8,"KISS ROCKUMENTARY: ""KISS: The Second Coming""","Television promo, episode/special excerpt, rockumentary, or broadcast-style editorial work. Music/performance branding is central.",https://i.ytimg.com/vi/1wQUS7mKnD0/hqdefault.jpg,YouTube,https://www.youtube.com/watch?v=1wQUS7mKnD0,https://zbutcher.myportfolio.com/television,"KISS ROCKUMENTARY: ""KISS: The Second Coming""",KISS The Second Coming FULL 1998 Documentary,ShockMe1994,,1wQUS7mKnD0,https://www.youtube.com/embed/1wQUS7mKnD0?si=HNFhBbqbefEICIFG,ok
Television,9,"MADONNA ""Like A Prayer"" Re-Invention Tour - Multi-Screen Backdrop","Television promo, episode/special excerpt, rockumentary, or broadcast-style editorial work. Music/performance branding is central.",https://i.ytimg.com/vi/AZLgEzuDBsk/hqdefault.jpg,YouTube,https://www.youtube.com/watch?v=AZLgEzuDBsk,https://zbutcher.myportfolio.com/television,"MADONNA ""Like A Prayer"" Re-Invention Tour - Multi-Screen Backdrop",MADONNA - RE INVENTION TOUR - REMASTEDED 4K  - FULL SHOW,Madonna Now,,AZLgEzuDBsk,https://www.youtube.com/embed/AZLgEzuDBsk?si=bozkZDcjaPEgrxH8&start=4350,ok
Television,10,"""Robert Evan's SIRIUS Radio Show"" Promo","Television promo, episode/special excerpt, rockumentary, or broadcast-style editorial work. Title was recovered from video-provider metadata rather than portfolio caption.",https://i.vimeocdn.com/video/128045519-1e9fbcaaaf6357953518074c0f46fd206ff061965b1e1a6e7d065dd1e80f0828-d_295x166?region=us,Vimeo,https://vimeo.com/20094832,https://zbutcher.myportfolio.com/television,,"""Robert Evan's SIRIUS Radio Show"" Promo",zbutcher,348,20094832,https://player.vimeo.com/video/20094832?title=0&byline=0&portrait=0&color=ffffff,ok
Television,11,Robert Evan's SIRIUS Radio Montage,"Television promo, episode/special excerpt, rockumentary, or broadcast-style editorial work. Title was recovered from video-provider metadata rather than portfolio caption.",https://i.vimeocdn.com/video/128036745-190d740984f38f78b9633d22448a81c3bcad4362df60bc909c921a7c71665a9f-d_295x166?region=us,Vimeo,https://vimeo.com/20093522,https://zbutcher.myportfolio.com/television,,Robert Evan's SIRIUS Radio Montage,zbutcher,453,20093522,https://player.vimeo.com/video/20093522?title=0&byline=0&portrait=0&color=ffffff,ok
Television,12,Thirty Seconds to Mars: From Yesterday,"Television promo, episode/special excerpt, rockumentary, or broadcast-style editorial work. Title was recovered from video-provider metadata rather than portfolio caption.",https://i.vimeocdn.com/video/128034957-d126a6ce4a77129865ea26e14ff4cdd2bb7a0322ebb3c261632a141f5b1e2aa3-d_295x166?region=us,Vimeo,https://vimeo.com/20093369,https://zbutcher.myportfolio.com/television,,Thirty Seconds to Mars: From Yesterday,zbutcher,35,20093369,https://player.vimeo.com/video/20093369?title=0&byline=0&portrait=0&color=ffffff,ok
Television,13,"Kia ""Optima Limited"" - TV Spot 2 of 2","Television promo, episode/special excerpt, rockumentary, or broadcast-style editorial work. Title was recovered from video-provider metadata rather than portfolio caption.",https://i.vimeocdn.com/video/261249711-67c2dd75dbc61afda706301bf8b4d13cdf94327f1d2ade4d4128ab263ab4ea16-d_640?region=us,Vimeo,https://vimeo.com/37999499,https://zbutcher.myportfolio.com/television,,"Kia ""Optima Limited"" - TV Spot 2 of 2",zbutcher,30,37999499,https://player.vimeo.com/video/37999499?title=0&byline=0&portrait=0&color=ffffff,ok
Television,14,"Kia ""Optima Limited"" - TV Spot 1 of 2","Television promo, episode/special excerpt, rockumentary, or broadcast-style editorial work. Title was recovered from video-provider metadata rather than portfolio caption.",https://i.vimeocdn.com/video/261222486-178236151b00cef86282437091440110a2d8b0c144e12ab3da51ba0a1e9760a8-d_640?region=us,Vimeo,https://vimeo.com/37995270,https://zbutcher.myportfolio.com/television,,"Kia ""Optima Limited"" - TV Spot 1 of 2",zbutcher,30,37995270,https://player.vimeo.com/video/37995270?title=0&byline=0&portrait=0&color=ffffff,ok
Television,15,"""Millenium Live"" - TV Promo","Television promo, episode/special excerpt, rockumentary, or broadcast-style editorial work. Title was recovered from video-provider metadata rather than portfolio caption.",https://i.vimeocdn.com/video/128058941-cabdaa7c2e37711d747355106f48a9eae1b064e6f2b36d6ff3991cd594fb08de-d_295x166?region=us,Vimeo,https://vimeo.com/20096662,https://zbutcher.myportfolio.com/television,,"""Millenium Live"" - TV Promo",zbutcher,51,20096662,https://player.vimeo.com/video/20096662?title=0&byline=0&portrait=0&color=ffffff,ok
Television,16,"DirecTV NFL Sunday Ticket ""Displaced Fan"" TV Spot with Tom Arnold","Television promo, episode/special excerpt, rockumentary, or broadcast-style editorial work. Title was recovered from video-provider metadata rather than portfolio caption.",https://i.vimeocdn.com/video/262410046-5466b6185e169f45deba9e34fa332a66f90489a63c6d7c67229edc07a275eb9d-d_295x166?region=us,Vimeo,https://vimeo.com/38153351,https://zbutcher.myportfolio.com/television,,"DirecTV NFL Sunday Ticket ""Displaced Fan"" TV Spot with Tom Arnold",zbutcher,60,38153351,https://player.vimeo.com/video/38153351?title=0&byline=0&portrait=0&color=ffffff,ok
Television,17,"DirecTV NFL Sunday Ticket ""Tube Socks"" TV Spot with Tom Arnold","Television promo, episode/special excerpt, rockumentary, or broadcast-style editorial work. Title was recovered from video-provider metadata rather than portfolio caption.",https://i.vimeocdn.com/video/262408582-22ce3bad0e32ed6c220480889458e1901a18a9e10b17a78665926cb3ffcb8972-d_295x166?region=us,Vimeo,https://vimeo.com/38153128,https://zbutcher.myportfolio.com/television,,"DirecTV NFL Sunday Ticket ""Tube Socks"" TV Spot with Tom Arnold",zbutcher,65,38153128,https://player.vimeo.com/video/38153128?title=0&byline=0&portrait=0&color=ffffff,ok
Television,18,Adelphia TV Spots,"Television promo, episode/special excerpt, rockumentary, or broadcast-style editorial work. Title was recovered from video-provider metadata rather than portfolio caption.",https://i.vimeocdn.com/video/128039517-17d2a39e493d682f0fe059b29acf3c23a85d496cf637e207d927173fcf259fb3-d_295x166?region=us,Vimeo,https://vimeo.com/20093982,https://zbutcher.myportfolio.com/television,,Adelphia TV Spots,zbutcher,93,20093982,https://player.vimeo.com/video/20093982?title=0&byline=0&portrait=0&color=ffffff,ok
Television,19,"""Union Bank of California"" - TV Spot","Television promo, episode/special excerpt, rockumentary, or broadcast-style editorial work. Title was recovered from video-provider metadata rather than portfolio caption.",https://i.vimeocdn.com/video/128166515-44e68d7ac9cfc248528d529dddadd2058ffb3e555a995fbd26df2108723eae5b-d_295x166?region=us,Vimeo,https://vimeo.com/20112803,https://zbutcher.myportfolio.com/television,,"""Union Bank of California"" - TV Spot",zbutcher,32,20112803,https://player.vimeo.com/video/20112803?title=0&byline=0&portrait=0&color=ffffff,ok
Television,20,"""Sunkist"" - TV Spot","Television promo, episode/special excerpt, rockumentary, or broadcast-style editorial work. Title was recovered from video-provider metadata rather than portfolio caption.",https://i.vimeocdn.com/video/128058695-b285fbb9c445ac601c87226954b72023ed56ed8448e96363c4d449be5d1555da-d_295x166?region=us,Vimeo,https://vimeo.com/20096644,https://zbutcher.myportfolio.com/television,,"""Sunkist"" - TV Spot",zbutcher,37,20096644,https://player.vimeo.com/video/20096644?title=0&byline=0&portrait=0&color=ffffff,ok
Television,21,"""Brandman University"" - Promo","Television promo, episode/special excerpt, rockumentary, or broadcast-style editorial work. Title was recovered from video-provider metadata rather than portfolio caption.",https://i.vimeocdn.com/video/128171220-21e30f049226ff86ff7510dc38248aeab5995b06d3c214b1284b0c26e50c5b01-d_295x166?region=us,Vimeo,https://vimeo.com/20113525,https://zbutcher.myportfolio.com/television,,"""Brandman University"" - Promo",zbutcher,90,20113525,https://player.vimeo.com/video/20113525?title=0&byline=0&portrait=0&color=ffffff,ok
Television,22,Vimeo video 44267079,"Television promo, episode/special excerpt, rockumentary, or broadcast-style editorial work.",,Vimeo,https://vimeo.com/44267079,https://zbutcher.myportfolio.com/television,,,,,44267079,https://player.vimeo.com/video/44267079?color=f00008,no title
Television,23,"Chandon ""Dance"" TV Spot :15","Television promo, episode/special excerpt, rockumentary, or broadcast-style editorial work. Title was recovered from video-provider metadata rather than portfolio caption.",https://i.vimeocdn.com/video/262376089-2c365330db15b9f0395918ae32e9cc749e01a6db82d43c7f8bcd06916feec96a-d_640?region=us,Vimeo,https://vimeo.com/38148827,https://zbutcher.myportfolio.com/television,,"Chandon ""Dance"" TV Spot :15",zbutcher,15,38148827,https://player.vimeo.com/video/38148827?title=0&byline=0&portrait=0&color=ffffff,ok
Video Walls,1,"Madonna (LIVE Tour) ""Like A Prayer""",Large-format/multi-screen or live-event visual piece designed for video-wall/backdrop presentation. Music/performance branding is central.,https://i.ytimg.com/vi/AZLgEzuDBsk/hqdefault.jpg,YouTube,https://www.youtube.com/watch?v=AZLgEzuDBsk,https://zbutcher.myportfolio.com/video-walls,"Madonna (LIVE Tour) ""Like A Prayer""",MADONNA - RE INVENTION TOUR - REMASTEDED 4K  - FULL SHOW,Madonna Now,,AZLgEzuDBsk,https://www.youtube.com/embed/AZLgEzuDBsk?si=bozkZDcjaPEgrxH8&start=4350,ok
Video Walls,2,"The Cross ""Videowall""",Large-format/multi-screen or live-event visual piece designed for video-wall/backdrop presentation.,https://i.vimeocdn.com/video/1829255083-b691816e61b5c09693efd2df6fee1f5e2c43977c9b2efdc3aba38a5d4951821d-d_295x166?region=us,Vimeo,https://vimeo.com/931824653,https://zbutcher.myportfolio.com/video-walls,"The Cross ""Videowall""","The Cross ""Videowall""",zbutcher,279,931824653,https://player.vimeo.com/video/931824653?badge=0&autopause=0&player_id=0&app_id=58479,ok
Video Walls,3,"Stan Lee's NHL ""Guardian Project""",Large-format/multi-screen or live-event visual piece designed for video-wall/backdrop presentation. Sports/arena spectacle branding is central.,https://i.vimeocdn.com/video/128214622-a166ca83720269742bac67ec62c3c99b80e924d8741fed00c6501fc925b4cb31-d_295x166?region=us,Vimeo,https://vimeo.com/20099573,https://zbutcher.myportfolio.com/video-walls,"Stan Lee's NHL ""Guardian Project""","VICON House of Moves presents: ""Stan Lee's NHL Guardian Project"" - Featurette",zbutcher,118,20099573,https://player.vimeo.com/video/20099573?title=0&byline=0&portrait=0&color=ffffff,ok
Video Walls,4,"Stan Lee's ""NHL Guardian Project: The Story Continues""",Large-format/multi-screen or live-event visual piece designed for video-wall/backdrop presentation. Sports/arena spectacle branding is central.,https://i.vimeocdn.com/video/128080123-2609f8d1f93e6c7e778cdc198dfcd1387e31759f1f32e376aab67bdfb28d4072-d_295x166?region=us,Vimeo,https://vimeo.com/20099442,https://zbutcher.myportfolio.com/video-walls,"Stan Lee's ""NHL Guardian Project: The Story Continues""","""Stan Lee's NHL Guardian Project: The Story Continues"" - TV Spot",zbutcher,30,20099442,https://player.vimeo.com/video/20099442?title=0&byline=0&portrait=0&color=ffffff,ok
Video Walls,5,"E3: Electronic Art's ""Into The Light"" 2",Large-format/multi-screen or live-event visual piece designed for video-wall/backdrop presentation.,https://i.vimeocdn.com/video/128195393-3859e1216e2c0af3b94cc1d3d87f1ed7fcb149401d3c69863a70f2dd40bec395-d_295x166?region=us,Vimeo,https://vimeo.com/20116815,https://zbutcher.myportfolio.com/video-walls,"E3: Electronic Art's ""Into The Light"" 2","""Electronic Art's/Arnson Communications"" - Brand ID",zbutcher,110,20116815,https://player.vimeo.com/video/20116815,ok
Video Walls,6,"E3: Electronic Art's ""Into The Light"" (Extended Vers)",Large-format/multi-screen or live-event visual piece designed for video-wall/backdrop presentation.,https://i.vimeocdn.com/video/128230116-1e793a18c0b0c3cd4750047223cf664666532ba376de9ecaa42b069327abbc9e-d_295x166?region=us,Vimeo,https://vimeo.com/20118976,https://zbutcher.myportfolio.com/video-walls,"E3: Electronic Art's ""Into The Light"" (Extended Vers)","""JET 2 THE LIGHT: Electronic Art's E3"" - Video Wall Installation",zbutcher,192,20118976,https://player.vimeo.com/video/20118976,ok
Video Walls,7,"E3: Electronic Art's ""Cities In Dust""",Large-format/multi-screen or live-event visual piece designed for video-wall/backdrop presentation.,https://i.vimeocdn.com/video/136830084-dace15dffaf1fc7e13f49c74989820f0f5f57085574ec6d466a776d3ab7b65f4-d_295x166?region=us,Vimeo,https://vimeo.com/20118419,https://zbutcher.myportfolio.com/video-walls,"E3: Electronic Art's ""Cities In Dust""","""REVOLUTION: Electronic Art's E3"" - Video Wall Installation",zbutcher,187,20118419,https://player.vimeo.com/video/20118419,ok
